feat0,feat1,y
-0.08769567881350276,1.0859783543947015,0
-0.8375582090678221,0.5473103420388579,0
0.7968428448492383,0.4114954788523657,0
0.21215762226432835,0.10698486402503558,1
-0.05368389947343827,0.9796336024116331,0
0.08924579942275951,0.23355251992639114,1
-0.5675430655440121,-0.8079697344889425,0
0.7349934655237956,-0.47010099944822903,0
0.28711857289566656,-0.03244849374456532,1
0.8668792805634666,-0.21027292115610446,0
-0.7457152543010355,0.7191428177604303,0
-0.9249136539043908,0.3330614794002408,0
-0.7371206770334608,0.5143669983754926,0
0.1632366148645661,-0.9018508523061398,0
-0.412227819673692,0.9083771793987421,0
-0.37428570572685416,-0.8043843650844362,0
-0.2739551274753327,-0.14756238593542997,1
-0.5400107462229138,-0.7544838706661621,0
-1.0340737397995414,-0.2295830984533726,0
0.5195980711413528,-1.029970924269131,0
0.02117837280114706,-0.865970402356266,0
-0.5603542276539367,-0.5740824470160673,0
-0.9421166730122192,0.4215011868133775,0
0.06904052795162735,-0.16554214145866247,1
0.01289397996130262,0.04557793009557268,1
0.2867224182956242,-0.1697584456656354,1
-0.08284724261109477,-0.04381194409371079,1
0.5082770699415452,0.839079506908035,0
0.13503026310588262,-0.16914208160797642,1
1.1920431443938866,-0.020516571385214996,0
-0.14636046337719913,0.07366277272561671,1
0.8855210133193445,0.6740316509425512,0
0.1935983646334335,0.03275008260391407,1
-0.6126607856002688,-0.7875030830397571,0
-0.049848704983749624,-0.09539847603742635,1
-0.25946072013125737,-0.020402793447864928,1
-0.26971121007693805,-0.8674090819115471,0
-0.19053090687873592,0.9451416699368439,0
-0.38362952528198974,-1.050341908609965,0
0.009172349453748216,0.1155273019111546,1
-0.20800542194139934,0.14650800245893683,1
-0.5382508755439757,-0.9118741332255172,0
-0.2253121834679036,0.2590473128273108,1
-0.8867135068041121,-0.7752060581451244,0
-0.04661673930312149,-0.07917569180730497,1
-0.13791058223211075,0.2151595262907176,1
-0.2958387924460042,-0.9858507350002252,0
0.0017862369374553877,-0.00897602865868874,1
-0.6590917702111162,-0.827877774163071,0
-0.35676784620069885,-1.0557774213741224,0
-0.4810829871935324,1.0082272992113055,0
0.26156129029591346,-0.016702389955382285,1
-0.1584224428428507,-0.1276391268374384,1
0.17896868073759636,-0.18842065616149703,1
0.18737805730073398,-1.004512265433764,0
-0.9971708946308456,0.632391605827565,0
-0.1841785474470039,0.26641719897115934,1
-0.5716059908757396,0.8034221515855364,0
0.06803830213367315,0.2455261669532129,1
0.19503272814214162,-0.8130498463636915,0
0.007624099721257049,0.04797493659893219,1
0.15644917785739748,-0.060772692280098906,1
-0.43486776506436015,0.788961370665835,0
-0.10334872779559849,-0.10603357481488605,1
-0.8170293958042218,0.9171635012693534,0
-0.07721028661535473,0.14868094803249857,1
-0.09292951908913001,-0.027179862265922075,1
0.041727929381059195,0.1669529167331268,1
0.1070511830576257,-0.056434430222677676,1
-0.5102740407571015,0.9458479203109617,0
-0.34805855181275813,-1.0150966374663075,0
-0.2811952073577324,-0.17001390262831695,1
0.002280181419710413,-0.20974599613601996,1
-0.4260032252528877,1.0694741856396366,0
0.27196949414906374,0.03112527336390221,1
0.0381967891778045,0.29073671089480435,1
0.19071049615609173,-0.16613223836205782,1
0.2964047151503073,-0.10941048009441215,1
-0.7004365536422288,0.8147976569254648,0
0.2070750009748914,0.14518935988842888,1
0.7717922243245282,-0.5172196601368144,0
-1.091511535807795,-0.25463533938721356,0
-0.2089737371440569,-0.14903508719177236,1
0.7652910585481997,-0.5877800691536291,0
-0.26080583684372644,0.02741029432991713,1
0.16791933908289552,1.0059526116700221,0
0.0114521618116597,0.22595094385945566,1
0.2736421137018141,-0.15177146687129495,1
0.5595633519459405,-0.6167289897825321,0
1.0372345330834385,0.13752981568394504,0
-0.010202789200865474,0.23899103583861633,1
0.17382246175302374,0.3221533100075759,1
0.09170155890962153,-0.15468239792153585,1
0.6277001221240008,0.6033540073077638,0
-0.16808167984197442,0.9875318999188443,0
0.08950308035367399,-0.15439828848725437,1
-0.167155371004624,-0.14836598255564623,1
0.19415163178673814,-0.030485892254174814,1
-0.1708903712097858,0.003367047282863772,1
0.23732992106076226,0.2219466053315093,1
-0.07324488811117763,-0.07431791681516359,1
0.2463668244064391,-0.20452866196499297,1
0.11738058992492516,-0.26523546120582003,1
-0.20177342315065636,-0.08907412321331726,1
-0.18473656148157466,-0.003032483869653907,1
0.04815170634564775,-0.28343468760202806,1
-0.8755497777436204,-0.09048253815980709,0
-0.35301591804957744,-0.22756330087149046,1
-0.13538542485317642,-0.24264109948899995,1
0.6065918017872238,0.5637084006657735,0
-0.3350168583301023,-0.27554652175676153,1
0.255777476595662,0.23323468616520884,1
-0.6700522405802516,-0.8995883153901598,0
0.7539025349721464,-0.6228805049770385,0
-0.8631680493775552,-0.6989176091212234,0
0.6118505872548012,-0.9050095665534639,0
0.1058146354177116,-0.04851718123613766,1
-0.030644517514104824,-0.061736097865606715,1
0.20679687085927453,0.8690565081418442,0
0.10477843933676946,0.0927988556095753,1
-0.07589959498369782,-0.18331935987982587,1
-0.2211566260253205,0.25836541070078245,1
0.7991214747320593,0.5578061234582827,0
-0.016068626381324867,-0.2839962228916458,1
0.18969152926788985,-0.31148643884421645,1
0.23031269796823522,0.9585142363563143,0
-0.18615343126272602,-0.299404015146721,1
0.7019257443864988,0.6247537319369486,0
-0.9410061503109384,0.7144281821590579,0
1.048255045484616,-0.0011797208913375198,0
0.14408993330915618,0.07478128908554421,1
0.9241947442834444,-0.5188537020015708,0
-0.3214329273567018,0.2503842851947824,1
1.0601046516340407,-0.31188212033302215,0
0.874806678967373,-0.38691494656235514,0
-0.0560049461252555,0.1423411052282148,1
0.024147750157472204,0.012314200042397583,1
-1.013694688152916,0.1987569118737083,0
-0.1611485275063976,-0.22078160215964385,1
0.06953148239806879,0.03998795361093503,1
-0.9459855069100565,-0.46640385349591285,0
-0.09553633091559402,-0.08634671155284127,1
-1.0325692762371526,-0.25443742274626874,0
0.83990686637545,0.6548466335299368,0
-0.3258462736328875,0.9715112349487371,0
-0.22193286629063969,-0.06503910313654042,1
-0.15335522598467982,0.14455927404405908,1
0.6823383901026083,0.7216179470511475,0
0.1422848449559594,-0.12517789071398813,1
0.8846650239166238,0.3677446499088542,0
0.04424852965326584,-0.15120950852665602,1
-0.4348753700990982,0.697289023791715,0
-0.148435399822124,0.003429973544148257,1
-0.13728494296545016,0.029606899634809225,1
-0.03755581189715746,-0.9848392406352857,0
-0.3378054645079007,-0.09770751458550546,1
-0.7154896278815776,-0.7957218694009169,0
0.7392313823541146,0.4446247250729201,0
0.25791180843545547,1.0280073446361846,0
-0.16714707918274666,0.1168587904212341,1
-0.7243836792355648,0.5369777915422081,0
0.09008552962157065,-0.03984140176692566,1
-0.8209051469368386,-0.7271231455410077,0
-1.07456475878984,0.017533149879625565,0
0.9342200376858637,0.3295459666948337,0
1.0796516887086045,-0.08758557601800863,0
-0.08750677289352532,-0.2931646941853945,1
0.7423523914602501,0.25772687455830917,0
-0.47488186127463183,0.8045218294475845,0
1.1603743137671958,-0.21841698547987828,0
-0.34506523047233684,0.01055577640041494,1
-0.05745387959517599,-0.11545734914033975,1
-0.028147257137002044,-0.1456056792801188,1
0.163709386341092,-0.14224311266619194,1
-0.3100703706486665,0.051738580919833924,1
0.2152469353727356,-1.0146169517845902,0
-0.14485398703378768,0.04447212249647666,1
0.4905822007668582,0.9257814862251775,0
-0.17326222125460553,0.12703748714788604,1
-0.965103652257012,0.0697798104816047,0
0.7867334976480349,-0.4951861233067181,0
0.27212628405054023,-1.0419615870057992,0
-0.18199246590199164,0.12770653731374088,1
-1.0574253016484356,-0.2633121709663946,0
-0.07906910739119043,-0.9101471046225824,0
-0.019946932684813415,0.25215658916903433,1
0.1720813722314108,-0.22332075064364432,1
-0.5885640609293157,0.6975435687694684,0
-0.47944845327576824,-0.7424846268508047,0
-0.13566251936441734,-0.11400225813879915,1
0.021359216595224967,-0.9379850148311827,0
0.45887495175793985,0.9317898648326028,0
-0.21278626430021985,-0.27091668360645604,1
-0.23578621909709743,-0.025316661805262243,1
-0.33123157291399186,-0.8580259677697413,0
0.5136179222621502,0.9388148595275292,0
-0.9246358305598961,0.7225914988453124,0
-0.18951116045115918,0.05862801841468196,1
-0.7803360429091125,0.5646707140042001,0
-0.0022501965130890117,-0.8793531998646179,0
0.20787703819282463,-0.012123292253363869,1
-0.20620170082298145,0.06796655283797302,1
0.24713538027307133,0.05747745356271338,1
0.145436180757712,-0.36381984746787677,1
0.04220190548864297,-0.9433813877999355,0
-0.24454785030915382,-0.08759091783446223,1
0.22798715106320927,0.7871090645170185,0
-0.5682503298030491,0.8133528111004046,0
0.1337134054846185,0.05534421228096413,1
0.39165868510300533,0.8558490744246787,0
0.6405862996903938,0.9511212712117806,0
-0.02776586254711033,-0.14930596814914884,1
0.1802140221918459,-0.18720875012883675,1
-0.09432569169936719,-0.9538416811815776,0
0.053003242060217406,-0.19980654443676152,1
0.33516970596785256,0.14338131491304104,1
-0.039823550059641014,-0.19718420959612498,1
0.4317327038534569,0.999712908257802,0
0.012082776733382962,-0.3699298184275741,1
-1.080493420863355,-0.2583540130159737,0
-0.16358732416231392,-0.21467122985376558,1
0.09337374354380815,-0.04413652467286101,1
-1.1003875434761767,-0.4418667850549539,0
-0.21474875759957787,0.16420095348650443,1
1.0842599834609286,-0.30293981157804917,0
0.08450263767676351,0.08531440536950231,1
0.5721732150124995,-0.7056830384086711,0
-0.12793233706601911,-0.10998693856330577,1
-0.14558649547295632,-0.1346816800670756,1
-0.9545948331731673,-0.46983668134108514,0
0.9059160101881529,0.03502942998044861,0
0.20621291568111927,-0.07592970410740454,1
0.17956984263157716,-0.9310249304842713,0
-0.1196664701707448,-0.14975459661908203,1
0.8137220030158767,0.7174791231568904,0
-0.9890309166253375,0.09955158775508213,0
-0.9882345177581958,-0.29307579396579936,0
0.17016577566668986,-0.07348457210336115,1
-0.9721415847332323,0.2932562236506744,0
0.8317897553560238,0.6956372569618956,0
0.03362567761590646,-0.15022262506045606,1
0.30846430233459393,0.11911892623269871,1
0.2190169404808231,-0.1170170071593544,1
-0.34121888475049666,1.0243028977285946,0
-0.931286422716691,-0.163203921330446,0
-0.0030668281556756882,0.25887560553372757,1
0.9017422831961239,0.06129217906226994,0
-1.0754005990950635,-0.0931563756956223,0
0.05140136904723136,0.08347749421317407,1
-1.0370937288941269,0.27798087886084705,0
-0.002457078900154605,-0.1688085944432658,1
0.046440919864439684,-0.11054002413455831,1
-0.8658489508716501,-0.3430198330452098,0
1.0849133577526104,-0.6687900376469096,0
-0.030759086091999545,-1.0689430125889456,0
0.1756186853935618,1.013939548218917,0
0.14326885202544445,0.16058462027127776,1
0.5028453037239168,-0.8827143540601791,0
-0.13860142732767955,0.1709286910910165,1
-0.8356900211001859,-0.4581503486022759,0
-0.8325481347302124,-0.30148548468763803,0
0.22921587831563273,-0.2279937677034342,1
0.0003950976974948506,-0.04579845737421319,1
0.7220665576223019,-0.858510776278411,0
-0.9298075576013665,-0.4863054935617529,0
-0.9416682725966992,-0.09138211474367722,0
-0.3753676875575535,-0.9380331087983227,0
-0.12457753932998117,-0.0930210399279336,1
0.14349268467657672,-0.9009835204274066,0
-0.08819785350898707,-1.0145859081671849,0
0.32212666876343216,0.9617594153282775,0
0.26910541056525816,0.2819008978096805,1
-0.17290696304608397,-0.30972775727627827,1
-0.2317514575468911,-0.14503094234207944,1
-0.2716957618789465,-0.8120554384895555,0
0.3304294724616513,-0.9333508175586468,0
-0.2385292966863809,0.25611044290630613,1
-0.77566686059476,-0.4967276742883408,0
0.22009137759031136,-0.0013953680408620769,1
0.22926801186911513,-0.13960745127360089,1
0.04324612405348825,0.18273958329582268,1
-0.2370361365297849,-0.9982212725135856,0
0.21027653679590974,-0.3288998829578002,1
-0.21219160269703086,-0.9980923322999464,0
0.4141470357286026,-0.5935866336556248,0
-0.36674496924759886,0.02956405581492624,1
-0.8211086288604513,0.2107658711360918,0
-0.17852537880977223,-0.1902809700074834,1
-0.12042122265351043,-0.1489556527391581,1
0.05697997365402799,-0.11862691095896678,1
0.06335288377543649,-0.1677072442681193,1
-0.0003635114307495753,-0.29471010929826946,1
0.2746075087856191,0.013768351800159229,1
-0.2202681025689085,0.040006293036739096,1
-1.009904635212465,0.17921356092688223,0
0.061958475678136615,0.12055866175862982,1
0.09285981442151191,0.2528023221172976,1
0.5858396897046931,-0.46328288067890977,0
0.12872546262497483,0.27723106895695404,1
-0.6704860146124041,0.7344531116097122,0
1.1199358479502703,-0.18144576605825796,0
-0.8332245800050325,0.3434406424735258,0
-0.6459081373423163,-0.6388991775302456,0
-0.9724907683383619,0.4978129704569991,0
-0.703230739657737,-0.55160371759425,0
-0.14945989745326843,0.1741371893811752,1
-0.9178855126966045,0.21938031705615146,0
-0.7653371055091218,-0.6506866990493378,0
-0.5979552396893854,0.9025432174654358,0
0.1929166953671717,0.37280155870427356,1
-0.33705959058412477,0.12125184394911559,1
-0.9191355661172907,-0.2036882114772477,0
-0.6739927068935071,-0.9484206821343488,0
-1.0189972506715803,0.2592716746101023,0
-0.32482281195167323,0.8899632074688377,0
0.8001615436993681,-0.34470746968297145,0
0.018803048146202372,0.9034414119397233,0
1.0384542069348808,-0.07509113951755841,0
-1.0644835675001416,0.022716093771806722,0
0.052929798586723364,-0.17389746230659442,1
0.1920410010234397,-1.0720213546312718,0
0.019640444069332727,0.22778373255200557,1
0.7099128900970358,0.8335596614642404,0
0.7705268918446649,0.8548859428994076,0
-0.1628984084255815,-0.06939321210291692,1
-0.16295947939048128,-1.1396799963527204,0
0.2989169460411555,0.0870242992090921,1
0.9348470791131702,-0.49901245142254796,0
0.013629753525171234,0.8784702302705785,0
-0.15043739950978352,-0.12025454092811697,1
-0.15092919307850075,-0.1396791026707382,1
-0.18026331175279398,0.16235916433291925,1
0.2883154365981138,0.07550814172123395,1
0.30521882945290274,0.858931080423166,0
-0.27321332216165817,0.10036249943082232,1
0.39183147433807963,-0.028922123464105748,1
0.08641505356218189,-0.05978234655375016,1
-0.15438676620686487,0.03727221187696565,1
0.11157181728542015,0.9830923427895368,0
-0.207560361583676,0.21794165084354555,1
0.0005392410227019473,0.006707372577831924,1
0.8802967734420079,-0.35772004251719497,0
-0.06784928544047002,0.24878443364574204,1
1.1046042998223349,-0.008757588785626214,0
-0.22552813527096782,0.1465158965703364,1
0.002825099363071397,-0.17145332948509442,1
0.42761632152795814,-1.022397968301044,0
0.8919386221539459,0.4424306026111065,0
-0.15015383409982042,-0.011538956448626583,1
-1.008134944716675,0.32989534973481405,0
-0.8106183118516084,-0.5017934291896802,0
0.3092445492330183,0.0357388854226009,1
-0.11019146852878745,-0.31354625036619765,1
-0.4093029014923489,0.9361933186970431,0
-0.8854315786598775,0.03268047196749666,0
0.05585504576090779,1.0296973331788624,0
0.21631977996616175,-0.2038646395549394,1
-0.588070113568299,-0.6940393601879876,0
-0.23855396554628527,-0.8976748550882301,0
-0.17429387957079792,-0.019211718738448305,1
0.7993524832559826,-0.6063891722914078,0
-0.5633832851847926,0.9047867875670695,0
-0.0017830516564917819,-0.8985251763193212,0
0.13803295841234817,-0.16702111161729624,1
0.32372140435089236,0.17264589416115372,1
0.9002968405630514,0.30407059489167637,0
-0.14290445048353073,-0.20922144159507017,1
-0.774194255723419,-0.5095565751329594,0
-0.36643635515735873,-0.03149242540178214,1
-0.5662025093613112,0.8998166357048497,0
-0.376149097704083,0.8696162732436051,0
-0.840793282783112,-0.46824591014066186,0
-0.6839514287098686,0.7041522728822911,0
0.11482040630612922,0.20756677859635098,1
1.0148506191719318,-0.3874370460990675,0
0.18857983424390815,-0.06675593552516834,1
0.8169488076292102,0.35946656356887957,0
-0.24402130609824352,0.060960638684974026,1
-0.25246720099892134,-0.012400058909817428,1
-0.8194421782114669,-0.5238692096722246,0
-0.09140600618470765,-0.36612023265437477,1
0.2092960283605273,-0.24015295261991793,1
-0.22347395798118647,0.12324349039593038,1
0.34987109844507747,0.1755724953913062,1
-0.30049081736758043,0.930742936721996,0
0.6187095932309744,-0.8301092841522669,0
0.024463506238949835,1.1154645435825412,0
0.2124904942577731,-0.9509347000407496,0
-0.08594762148644405,0.9651800161404562,0
1.2003603588179144,-0.11960656791630865,0
-0.067241088568918,-0.05956320766739491,1
0.6159812121338247,0.8733074853865763,0
-0.23134421948364214,0.005447973539041195,1
0.04110923382439122,0.09986356487652774,1
-0.07700213812224016,-0.0982309534468709,1
0.04141572643237931,-0.18557833029960968,1
-0.29993318093509164,0.9940257419281759,0
-0.6591705201521648,0.7229959188795002,0
0.9393663641198259,0.17342915099946055,0
-0.5807080359748128,0.6834853835841337,0
0.5458638244946741,-0.8439266191712927,0
-0.5820143716167746,0.729387347945897,0
-0.3090224283921418,-0.023482772461367513,1
0.01935700162384411,1.0447179194550966,0
-0.03812746111350224,-0.302951584082203,1
0.18466961203209512,-0.08528149831889469,1
0.14940905551586026,-0.12447875807267247,1
-0.14385173736768006,-0.24260089268350418,1
0.19137908581943605,-0.2866375898266375,1
-0.8615365320956565,0.38816960098419606,0
0.6247344965424925,0.6668994734185336,0
0.18728559758645655,0.20677636795473361,1
-0.9230403507990761,-0.36408208632830713,0
-0.6546220578940277,0.5994756012885378,0
0.5474525828665946,0.7984205862273643,0
-0.911157494261948,0.17438156278987021,0
-0.02619360383491967,0.16760547305616932,1
0.11350825352705253,0.08501225343032812,1
-0.2912090762793249,0.8615433813214833,0
-0.520207505964261,-1.025757398726869,0
0.04610980882267304,-0.3025430451383551,1
-0.3683126702072296,-0.9197602447206099,0
-0.06412210529963361,-0.22530315945800464,1
0.03635434132766658,0.03850526956709649,1
0.27762715227473816,0.934742941918884,0
-0.8967971436706115,0.28167316924416047,0
-0.8214890023901129,-0.36362878664898834,0
-0.031056444741961065,0.21319862639888637,1
-0.1015888033567984,-0.1156404202822554,1
0.219589966568484,-0.059630982359035675,1
0.23445370167253915,-0.23314933676619293,1
0.24147921408920864,0.20696789401802018,1
0.4539552733132731,0.9146674348827966,0
0.6879469108593863,-0.848171109570165,0
0.056152163253176644,-0.3080138141985005,1
-0.8793607455289211,-0.2913771837131784,0
-0.15855393820226496,-0.062278603734874705,1
0.2129260444824921,-0.0379327607720818,1
-0.9203045471914757,0.08193431048260458,0
-0.40934366652732135,-0.8375217577019974,0
0.3658402088129703,-0.011306817146157763,1
0.1922578830007481,0.06224982723164865,1
0.7813517806024131,-0.5336930389303376,0
0.22134111235061724,0.08636780849684672,1
-0.9174318997713032,-0.34210379775071437,0
0.0859451045846184,0.09602917101069267,1
-0.37430246606375706,0.9935351861584085,0
0.14596172457771744,0.11230979511981802,1
0.9470809687103728,-0.060226195641546534,0
0.17599552160286375,0.029814444372082194,1
-0.24393154971781977,0.24926390394483433,1
-0.7765128872132985,-0.5257177986726042,0
0.8910742261302614,-0.5956965917595042,0
1.08146677090454,0.5246172658034888,0
0.19663951653383932,0.033984747989514855,1
-0.34811368958140665,-0.11599198120582543,1
-0.13559438257567635,0.27167832170459416,1
-0.09133428118011325,-0.16124535421512676,1
-0.08142883405542471,-0.14714701367244443,1
0.10789711962638893,0.20513312286602398,1
0.05747388981640908,-0.2065137702084921,1
0.24823782453477417,-0.06647001813202572,1
1.0008227911001308,0.33213617166289594,0
-0.12885877809661234,-1.008425261595049,0
-0.7908400224139174,-0.2961110765249275,0
0.8161444392274426,0.8665078493358469,0
0.16691328854636453,0.09901445661906218,1
0.17165582105042487,0.1298079014816172,1
0.18114173789496085,-0.2279370189588394,1
0.970033568446088,0.5472616121488373,0
0.09703356574596779,0.1940127351547578,1
-0.0703239381043617,-0.2994802307567721,1
0.11986133954222136,0.3675938865258845,1
0.008425960663782081,1.0177137786964598,0
0.8383136799607536,0.1831805827286011,0
0.22623393004703524,0.2672069327086436,1
1.0196807888054478,0.6678730357920829,0
-0.12399156992985444,0.16234928164142082,1
-0.3601471747179199,-0.021777573408926915,1
0.46274737751009465,-0.7574367089841111,0
-0.6472717039013922,0.7061970237356865,0
-0.2205568849569597,-0.04253187648858414,1
-0.013952470211112976,0.22335012395965909,1
0.05130385719288285,0.10895364609565653,1
0.7103837880174586,-0.4802911344541923,0
-0.17309893648330574,0.08637354251512576,1
0.3607301287419376,0.8984394968077302,0
0.2270750310762871,-0.24207968068689287,1
-0.7515734271437152,-0.6192640975262902,0
1.0169770738634312,-0.3672993859015333,0
-0.013096212689762132,0.05945514559713068,1
-0.10268666578118957,0.017429330335297324,1
0.23696777744189018,0.13873022873794258,1
-0.44153739863676933,0.9988385669789295,0
0.0207280152012273,1.0883412306972189,0
-0.15178115374855952,0.2009472912492351,1
0.21545659534176076,-1.0501300638414561,0
1.029299591154628,-0.3221992798185115,0
0.07629860780725034,0.10100111410447242,1
0.6451729378542895,-0.6545896453625233,0
-0.20049856438890484,0.03706967265177677,1
0.0502301472492606,-0.020099957616146108,1
0.9923542944963428,0.376870652635648,0
0.9304002836984362,0.29585012230821156,0
-0.9339493793552825,-0.4366144986695817,0
0.9797221751345044,0.4390938667009149,0
-0.2075586667231634,-0.1073717179362948,1
1.0367705494371078,-0.1515013514150283,0
0.5367326297267572,0.7994305613816504,0
-0.2600144809565589,-0.05521362208821513,1
-0.2220528055417708,-0.17811501217969206,1
-0.023144839995030426,0.2546289785055035,1
0.7857871302098768,-0.7656254348981061,0
0.18406293538551008,-0.0877074680589906,1
0.2884049126582267,-0.027126470827740473,1
0.12214983180294914,0.9796305240499824,0
-0.09403208104053762,0.12359859926151788,1
0.9765179654815992,0.4726548538868892,0
-0.20232821440493215,0.070614167952158,1
-0.24312286119353715,0.23811436999267532,1
1.013351836683391,0.5719681482977925,0
0.9735903023474782,0.2643764113602822,0
-0.2080849490929117,0.10133027927564502,1
-0.7548119375073745,0.5694496455174314,0
-0.6801875070284632,0.6510623980614294,0
-0.06269412118828617,0.07841800240726289,1
0.12920453519605735,0.18481302801108998,1
0.06516480964632267,-0.10720460035833944,1
-1.0515390289040174,-0.06604529914887078,0
0.12643910787223364,-0.08737197261919562,1
-0.8412403214712303,-0.044000165494482574,0
-0.02545909278034945,0.18339041152492597,1
0.08136975258316696,-0.04613980572814291,1
-0.8418962110155558,-0.5762227884719399,0
-0.13323357304360745,0.28522921191224515,1
-0.026808755949419658,0.20171560366019398,1
0.1209388268085595,0.9886762510786544,0
0.5892682041967001,0.9100350476467326,0
-1.160084127051583,0.14382761138444236,0
-0.40330795399987335,-0.9853912608498645,0
-0.03744449863713645,-0.08604761203284869,1
0.31201432689999864,-0.857918468481118,0
-0.0005337177088223372,-0.22894453698791173,1
0.1257388172915175,0.08435933478024174,1
0.21382593112907367,0.02951158847742203,1
-0.32554743258263413,0.07968831382690379,1
0.7300169444323332,0.6418736896181712,0
-0.006285679782269016,-1.0951241817826962,0
-0.8094287992410755,-0.7366898153725907,0
-0.5634059707726038,0.7393219335861628,0
-0.6330486574877522,0.5146008317163788,0
-0.2553586692642392,0.11048894675108233,1
-0.11283349207139293,0.34548317862715205,1
-0.9233402386874482,0.20611100307934332,0
0.7929371946672396,-0.30271447858071443,0
0.1294467230425276,-0.16800053293004055,1
-0.18212326061874173,-0.0034491557277729207,1
-0.31363603025491626,-0.13567585275517693,1
-0.41468289675194153,-0.20419103873838748,1
0.1465960801660589,0.3284343871445524,1
-0.7699988753778088,-0.4928787573384138,0
-0.3173838744797455,0.0690720400462444,1
0.23935647371550986,0.12524128871429588,1
-0.013598240209311512,0.9194438013642319,0
-0.2882805231063399,-0.0021727704580942336,1
0.09420780038146044,0.21533117619318795,1
0.024050167765599907,-0.0980958261964115,1
0.8298594107959216,0.3712352019852605,0
-0.11541142805400412,0.022131439537604936,1
-0.2052144516927249,-0.14431416237762457,1
-0.8145684731054806,-0.34646836833533995,0
-0.10175771814133766,0.1792259876626559,1
-0.974036087674802,0.03228446880492908,0
-0.07373012065146917,-0.8436348415062462,0
0.1485113350026527,0.1526827946892045,1
-1.0541193265190194,0.5252378223574042,0
-0.02063151579946281,0.1479998302329721,1
0.359735176140065,0.8620307487952608,0
0.32173984965700664,-1.059672743100381,0
-0.6382139003530494,0.5661127734778149,0
0.10483230575467126,0.021090752315670952,1
-0.11626444632884578,0.1578060976303254,1
-0.07753525629871602,-0.08938585339896081,1
0.9268635829989684,-0.36673655083557893,0
0.14038063848810312,-0.021480311054528814,1
-0.31296622913068656,-0.047476462877181234,1
0.7473207106505363,0.535544414111627,0
-1.05896500872111,0.1442763789358132,0
-0.9909958845495374,0.35313005618809845,0
-0.8531385891592598,-0.021359827114192844,0
-0.6911320968169693,0.5145753253402818,0
0.06319977116257819,-0.3603332491855632,1
0.16835047563112066,-1.0558421504825404,0
0.6432511394653326,0.8339541133896523,0
-0.14112763161379932,-0.3134997373503603,1
0.20240713511864172,0.14930985822298198,1
0.33344187731295477,-0.1041930255292634,1
-0.28967786145085933,0.16096970739791572,1
-0.2496632681477341,0.012592906235611032,1
-0.7842594993979295,0.4416507765305134,0
-1.0500759099958268,0.21013595638788907,0
0.46213623335324205,-0.8657816646515739,0
-0.9287304101493352,-0.6495861133851925,0
-0.2005229242568607,-0.2247049897642097,1
-0.1604566735168144,0.007285104466438527,1
-0.09422789108407381,-1.0317384566384162,0
0.12096535671685839,-0.09202300060138743,1
0.20190682806646862,-0.08114758403576888,1
0.09508744928448465,0.2543606026151496,1
-0.05104034434590043,-0.12649865755967232,1
-0.037110306697484885,0.11614991703294611,1
-0.17328336399984126,0.33465155649688605,1
0.045898426934103224,0.32130193113145394,1
-0.6066554308141596,-0.8731103387821035,0
-0.13397597200328606,0.08649078205115235,1
0.2796204462648891,1.113597984504112,0
-0.14088152496986478,0.7354972239117513,0
0.10547202682986725,-0.2715717579810733,1
0.2527799635820285,0.20749846546893952,1
0.17073685451394505,-0.016555908139029525,1
-1.1076647369563577,0.12144610031276039,0
-0.051971102819099266,0.0886859072055098,1
0.9591297905494458,0.10658615750306497,0
0.058702460428526365,0.1856398131903727,1
0.30157693871362024,-0.9533754351073193,0
-0.009520677557602136,-0.21984369389655029,1
0.1332446104328503,0.052288462860967985,1
-0.11010829669573073,0.2001378450640297,1
0.011471848027814202,-0.03483023871168067,1
0.7758579164641104,0.6044943175727902,0
0.24872666151198022,0.18815222089156236,1
0.8700727439757718,-0.6216281117327969,0
0.794985570605192,0.6083115761597812,0
0.8870584155714568,0.600330325758131,0
-0.1796501933047881,-0.15305776693462608,1
-0.03691753722778005,0.18048915297874113,1
-0.12825846558575188,0.08021346847445873,1
-0.4820945887555286,0.8258483530826173,0
-0.1649325932069443,0.21853613465150973,1
-0.14775735413835156,0.19522119891440026,1
0.01934088672527305,-0.33680804198251046,1
0.08640257946766525,0.1715962849924178,1
-0.19531873955462992,-0.04335328732677372,1
0.27370898052617576,-0.7640756248870365,0
0.18284766476410325,-0.2929069538665323,1
0.1479069518050804,0.22211059678495387,1
0.9900076972668812,0.06425679018633901,0
0.28173405995626866,-0.04378756285760277,1
-0.3029676916892373,0.26192105344399885,1
0.7164711978526687,-0.7534323632170886,0
-0.9970630280241475,-0.3426337354648595,0
-0.19650944488017397,0.8842171008878349,0
-0.2620751893262991,0.0464035479516546,1
0.02702412880340218,0.2368244006884368,1
0.49745355992986906,-0.9517014390995919,0
-0.35596224573652313,-0.19520332555996522,1
-0.10396735806628359,-0.04007273103869006,1
0.9696353089044354,-0.46133501585018594,0
-0.12641319627286213,0.3033277638547395,1
-0.30300561945914695,-0.05006519908078691,1
0.9783027096066145,0.40080538899036156,0
0.07429912139662037,0.2071635445198007,1
0.5433720427762426,0.9082787636917677,0
-0.2589343294776405,-0.9653194583907561,0
-0.019329155102762452,1.1117500761237613,0
1.0494939357561837,-0.1006296135127756,0
-0.3540800796560087,0.06343383305875727,1
0.8704673575973833,0.32093245763231254,0
0.9055505061005,0.4575734730525488,0
-0.28014567908741267,-0.8764160221886792,0
0.18838417019386586,0.10386250289694844,1
0.285158787609222,0.08048417359326811,1
0.12038160225876919,0.1094979876043346,1
-0.30824562864952815,-1.01341943560713,0
0.5276041719786319,0.777099448406138,0
1.0882273740600987,0.006958495929480807,0
-0.5219234645872296,-0.8417702708264212,0
0.7666441403185064,0.7490851334424977,0
0.31872595710972457,0.012058477481107388,1
-0.6529339368373561,0.7058477657094662,0
0.7224153771165787,-0.7841152186295464,0
1.0362451319755261,-0.18889514285773287,0
0.20486023387359903,0.17484417300304492,1
0.0428014537011802,-0.4150948830329044,1
0.07364571023785654,0.04641747731791082,1
-0.21283983825654876,-0.1121922284172215,1
0.9519063447618897,-0.2858054755583609,0
0.12843454593171955,-0.017873977280449718,1
0.06228226409847078,-0.1712948996791842,1
0.45086776128980854,-0.7322321442202391,0
0.0963729326972092,-0.06347563448941222,1
-0.20235075716078227,1.0640713153957129,0
0.16117511315635186,0.10264028974025939,1
-1.0744855087544174,0.3441355767102614,0
0.3233501348793685,0.04019801835154449,1
1.0640802839021928,-0.08951025410878655,0
0.04972141986956242,0.19459004770206234,1
0.9162281123157109,-0.42827747581032155,0
-0.3018227915555612,1.0471193539185149,0
-0.11956076594086357,1.077505529622792,0
-0.4288797915801787,0.8707829643031159,0
-1.2727364803182415,0.1346172439465874,0
0.0995001846356684,0.2657554853295302,1
0.12103873733391399,0.050726048538260265,1
0.2794481592011935,0.03875243295299885,1
0.005352094085099583,-0.21013218124289654,1
-1.0442409397225585,-0.05130092301835885,0
0.14950773106031987,0.23991258419518202,1
0.08602993864605515,0.9753222479308612,0
0.03746048938254436,-0.8853588391994416,0
-0.4102219059270197,-0.737265937371009,0
0.035334803114117186,0.041616261161126565,1
0.06843484230683673,0.12055898278712797,1
0.8999148311505621,0.6817779572440482,0
0.21986972878269856,0.2731947293749892,1
0.26896408410259043,-0.8987901405459978,0
-0.1332633504004297,0.014922792917509017,1
0.18294426215013526,0.016622539407174397,1
-0.663255852350628,-0.7347582528071714,0
0.013463562879670186,-0.17831500803028222,1
-0.5613945350698958,0.8622506175668939,0
-0.25826688961845656,1.0047406614204588,0
0.4966180940654234,-0.7606630437529882,0
-0.7450311440377988,0.45269467689682513,0
-0.23753052364150165,0.11976278872355434,1
-1.1120260247069003,0.31037400056414516,0
0.6601056851034144,-0.6665320773047142,0
0.3039520256168366,0.13340348484937808,1
-0.22096529703155532,-0.2324907879152831,1
0.04132270640377296,0.23918616365772935,1
-0.05343785037398453,0.19350657622481252,1
-0.30947515024731126,-0.8487163706340399,0
-0.21242351158232095,-0.018661640061237994,1
-0.1487023514327488,1.0571058717284691,0
-0.27655433342217506,0.07687419310385141,1
0.0711583045677667,-0.010160567435047924,1
0.2201823599707034,-0.24382348662741152,1
0.14739161556486458,-0.09801856106508904,1
0.22787007063533876,-0.03181751225701042,1
-0.09267220026490557,-0.20202816424842496,1
0.09666687444740324,-0.10033677123690521,1
-0.8113661168705754,-0.6240748842991708,0
0.06472667452729723,-0.17033535398809085,1
0.06467450815857778,-0.16523808765281825,1
-0.29203579691335785,0.126795382815374,1
-0.3841793726898941,0.07793681533991728,1
1.04276804407648,0.18974309897763075,0
-0.12907147352975779,-0.22684352056591167,1
0.1399917342680706,0.11317893860082906,1
-1.0080601844123454,-0.09394069988041609,0
-0.729222257516695,0.5468424837404466,0
0.1847952690670632,-1.0732840258204732,0
-0.020736729145201416,0.32396232921613066,1
0.6505739443118409,0.7592377676943033,0
-0.106825550360864,0.17676810629427775,1
-0.7857611684748936,0.549770461042625,0
0.0934931145963076,0.25472216917530255,1
0.3352852622679681,0.20701328062407787,1
-0.13240806369719893,-0.2620892760914568,1
0.129637587977447,0.871391649032966,0
-0.37800118468235416,-0.8107201653247084,0
0.11113309384892556,0.2935340544232935,1
-0.6034441639628567,-0.4478629914352739,0
0.6470445660993248,-0.7724375871557828,0
0.2163848670543404,0.07988017196467913,1
-0.3964878700616105,-0.9369910974198032,0
-0.25564010901667045,0.0008397849750632486,1
0.061951880131094816,0.09702504191233187,1
-0.15384520171955923,-0.18656833216400387,1
0.3154897135923094,0.08375133437362911,1
0.00574925247578743,0.24015807776673617,1
0.5728015470620592,-0.7442968245667685,0
-0.757270335905276,-0.26136722076220553,0
0.3202163997335619,-0.7448006215244459,0
-0.7744390589802054,0.6292164733621277,0
0.8995329022409198,-0.535237862096276,0
-0.08142722723501222,0.19381337964560374,1
-0.21062824343616304,-0.04372693092261994,1
1.0269229465162482,-0.4395118873119965,0
0.3915159945547656,0.7806111716965434,0
0.5035756047569085,-1.0271217673609305,0
-0.08290202881100482,0.2852432253821751,1
-0.09038278522389818,0.1867592342887784,1
0.189473120129743,0.1748993431125496,1
0.22454180902511195,-0.0380927729327014,1
0.24811563775036666,0.06106168063447803,1
-0.12539781194303093,0.19544321722398722,1
0.8825744134592022,-0.33971266214983614,0
0.09433223184501749,0.0054855097654316065,1
0.2037493605601836,0.11784355647757497,1
-0.10260367332285886,0.2574647853988774,1
-0.07251665146356766,1.0617648269828315,0
0.13858355893950744,-0.3044888470332786,1
0.18958563771402456,0.1870923753608465,1
0.11960878291342845,0.11226267169365343,1
-0.6768774221234173,0.6011798639613101,0
-0.7059996191292106,0.6010225870208799,0
-0.2608060191711851,-0.13692185948970098,1
-0.013150871741073517,-0.2640180974977934,1
0.3137409557040468,0.03291384479046671,1
-0.09562292168178624,-0.11551020780637643,1
0.985356824770751,-0.1952878346309779,0
0.2699617104383757,0.14881118266877727,1
1.0101311155949249,-0.41625074574746534,0
0.6715881345934008,-0.7063618572960034,0
0.016236593125932855,-0.1272602196393226,1
-0.2617548188940153,0.23544321663418022,1
-0.2748751208331684,0.015199179406928973,1
-1.114876935290387,-0.040077959174901694,0
-0.08893643924721213,-0.031550315744782065,1
0.7727278369681319,-0.8002791673307896,0
-0.14387866617890324,-0.1685025164141209,1
0.21404198664138388,-0.16184885526343354,1
0.9272503412816221,0.12032017812215731,0
-0.15208873223024466,0.18694609454504363,1
1.0633937277223473,-0.10192614294268099,0
-0.28108343411105363,0.23565226297605094,1
0.7384067842031345,-0.5260788689662768,0
0.5531484381688352,0.5243363186857282,0
0.14820802324594068,0.18817379925504613,1
-0.00947040606939029,-0.18136491318805567,1
0.2487499623532791,-0.08617823880216526,1
0.6904856876998745,0.9876695102777124,0
0.04139782355234596,-0.11823118555286093,1
-1.0086568720853823,0.5650074304637165,0
0.9838099860400685,0.10644104153308886,0
0.6043170886246209,0.8515329891276577,0
-0.12983400118966337,-0.2370567757634014,1
0.7465472168223484,0.5230943063307436,0
-0.11747340389725335,0.1582431131508571,1
0.969088211111619,-0.39741423968652845,0
0.3473802573104324,-0.9684300763483759,0
0.0590529818448787,-0.8734405356035494,0
0.9465747242259079,-0.39741401393880954,0
0.9116344321937053,-0.10746719293747062,0
-0.2083200974705131,0.1683751565041206,1
0.26911972614868757,-0.25560134490188235,1
-0.703019966849511,-0.9648729385578765,0
-0.21970522501327033,-1.0052658285997766,0
0.5505038373409813,-0.8482705607930701,0
-0.3180547506556123,0.9892531833362624,0
0.4149898749564123,0.8925544113464758,0
-0.07453986986843064,0.2237427410921276,1
-0.11129992865181165,-0.06584515402323078,1
-0.13064794677487446,0.028463077100289863,1
-0.5560076793062674,-0.6461593651871026,0
-0.12394600816717534,-0.1072205697190726,1
-0.5033995715824555,-0.6600445887322395,0
0.44176276649485,0.6297025714115324,0
1.128840245228286,-0.06958425505773377,0
-0.24018253734495418,-0.09058206376313402,1
0.2980567236892612,-0.931444859010601,0
0.37758901239983955,-0.9293760152091134,0
-0.1548549370598425,-0.0664076485093912,1
0.7937781350548628,-0.6728162718592118,0
-0.6052492172168193,-0.49584329185105613,0
0.2462266436793609,-0.09084174819870132,1
-0.6970818637463462,-0.545844512370374,0
-0.7871371127593066,-0.7241515450716498,0
0.11635271442505812,-0.25504647928421326,1
0.920311887990009,0.5323515236588945,0
0.5102627944462061,0.8042003658116408,0
0.18324286099534795,1.0572876686230128,0
-0.21206414478366947,-1.018821407718956,0
0.16869339281128268,0.22533612478254558,1
1.0531857051727984,0.2743337737198016,0
1.0058299728097615,-0.03508873381568339,0
-0.23421060133726113,-0.00097287029479598,1
-0.6295564046183459,0.6756072126401245,0
0.1681411955768002,-0.23324117639151035,1
0.09539306063497452,0.17435421427448056,1
0.04090434785903173,-0.3430576027995054,1
-0.017435825506488672,-0.20057333998769739,1
0.32213439699567825,-1.0888794815966716,0
-0.08458207251695901,-0.19066372752560773,1
0.17175711983832073,0.17455888657414276,1
0.7029687918140617,-0.5040256735755354,0
-0.2772616211088041,1.0063358255440518,0
-0.7526580822999012,0.5060330196629186,0
0.9239820733826366,-0.4223946114224271,0
1.0071457771238157,0.22038785691733692,0
0.5994049438175408,0.916953831736684,0
-0.9275803375863749,-0.037449717895475576,0
-1.1470781184236865,-0.17634527120763316,0
-0.9349166712997268,0.18908688911273624,0
-0.1919372986374636,-0.2481386951792707,1
-0.9230575380549308,-0.260684928449398,0
0.8741709786229037,0.09012461799254032,0
-0.4275988410479673,-0.760003611376892,0
1.0021217022679099,-0.14749959880852445,0
0.14538593191919258,0.19045205635407012,1
0.9670536549759317,-0.34840956259537226,0
-0.13760486362575206,0.21699980082222653,1
-0.12252025356256889,0.8572505100016337,0
0.5778945699516275,0.6799996401745799,0
0.1934986286362281,0.0720423246653694,1
-0.1872978712291291,-0.8877371574977102,0
0.7450081428714246,0.5755678841083628,0
-0.6799340449961071,-0.6288816084130671,0
-0.1654298888704528,0.01249018744511426,1
0.08012438096770866,-0.15055293969369543,1
0.8389512553781752,0.5982882916867698,0
0.20668006805627495,0.07075938893824815,1
0.7124074339737954,-0.42918655444694925,0
0.2840342444840458,0.025593459402831004,1
-0.3949671970529496,-0.2121284161760028,1
-0.7629934890766445,-0.7094999465707121,0
-0.10618850217290071,-0.1621596137194008,1
0.6284173980311666,-0.8290128995871882,0
0.19831698030841263,0.09656981276148066,1
-0.16649159825142015,0.21472624165543824,1
-0.2041373171268989,-1.0341300263838524,0
-0.729512700820165,0.7141159300299863,0
0.16642172587249218,0.2611263150253332,1
0.11856340590939309,0.951842425400133,0
-0.30165069370166664,-1.0341432037003322,0
-0.9551462739888303,0.15860544034685414,0
-1.0388382141175807,-0.15420817766780823,0
-0.14581025248995141,-0.01591544114058112,1
0.2908456851003861,-1.046058971740036,0
-0.1530690496559703,-0.0895450465087214,1
-0.3669815845285273,1.0061803930963042,0
0.09812775098679251,-0.9685206612188174,0
0.17576182359086517,-0.1456221124926182,1
0.12572501678275713,0.23468122314519677,1
0.2646344261441401,-0.09119336961896865,1
-0.4984535723977793,0.97059155674006,0
-0.02746949721007913,-0.06371612031921062,1
0.07385804179556456,-0.16045247899849374,1
-0.9666995032455045,-0.31318965910307744,0
1.0504883364327073,-0.15663696232426402,0
-0.2942740374462345,0.963399114548163,0
-0.33695481951200357,0.11270671469367144,1
-0.31464200034627865,-0.12408389042934095,1
0.19036455065068875,-0.9249738328497391,0
-0.15992874667275164,-0.1679636448984313,1
0.6639587371615002,-1.0144698601709703,0
-0.06696457069603927,-0.0976254423840684,1
0.052739521074373935,0.1653600965697593,1
-0.22804885800439123,-0.33850520339969614,1
0.2706338424833368,-0.05778100672829278,1
-0.07186016835488943,-0.23831080390263373,1
-0.06704135799422518,0.2092258202765141,1
0.19445006043396448,0.1283685996576786,1
-0.9390503375519796,-0.4486655344795547,0
0.5371253228177097,-0.9368611077349849,0
0.06329168099084392,-0.23068417086581122,1
0.1911870903316754,0.027637955303445677,1
-0.7403579364633351,0.2986351959208148,0
0.09725068932002043,-0.18984287598393326,1
-0.2573414004418867,-1.0681451474607015,0
-0.7302362041247431,0.8386888384379141,0
0.008554658481019287,-0.21530190338355673,1
0.06013209528797374,-1.085154848171176,0
0.3076868651082827,1.0356824161665228,0
-0.0957852186359992,-0.14782308641272165,1
-0.17147791987976377,0.8393577746891155,0
-0.49173709986942177,0.6641722690857346,0
0.12502255790738986,0.0040374367911330394,1
0.12102631194359179,0.10430420601799478,1
0.10265246630599854,0.12570764379731708,1
0.25973712342317457,0.3004448546080051,1
0.2083659346146759,-0.0754479183929348,1
0.884979853380679,0.6356649051647743,0
-0.20857420020679213,-0.9668102558696783,0
1.1441086955324387,-0.13265268333492652,0
0.8751598915201544,-0.5401360613479066,0
-0.017476367347340496,-0.24203896229829225,1
-0.11860065811436246,-0.33536420445849113,1
0.5935792339222314,0.7525510224687055,0
-0.8444721089339124,0.782820318272165,0
-0.008538077380582383,0.19753872635933997,1
0.4206265488305711,-1.0329675853016573,0
-0.9094539819497822,0.05285510092690837,0
-0.20882642972405363,-0.3558448779601848,1
-0.500703927623506,-0.7327026728819778,0
0.2655614460717233,-0.8419262849154624,0
0.18816572203716025,0.9543825891137837,0
-1.0075584651902632,0.3454418144212282,0
0.11810872241940047,-0.17313441335674506,1
0.14944492127671768,0.21619717471385286,1
0.6292144412229944,0.8008855910996596,0
0.9688537783732536,0.5300607711984552,0
0.11075632362828737,0.12975595925084635,1
0.20334048045670264,0.9563414157953339,0
0.34956225106826355,0.8700050188807508,0
-0.22687585997089985,-0.037531654561404316,1
-0.8591200716097618,0.3546389518297498,0
0.18306696382955404,0.3871950887532446,1
-0.13037403387827648,0.7624720515194352,0
0.13767944406052526,1.0459614128329493,0
0.002508910366098474,0.24370340594603704,1
1.0721902485499002,0.1868992981824149,0
-0.1105133782964292,-0.206877834363371,1
0.4162728176205074,1.022920873218775,0
0.18778706276856852,0.07030853844054358,1
-0.4737633246323665,-0.5930063739494695,0
0.28197612610715134,-0.9905810562116103,0
-0.13945495353171408,-0.9999248299148343,0
-0.06902608876741578,0.09488232480992406,1
